/* SCRIPT DE INSERÇÃO DE DADOS  NAS TABELAS */


/*INSERÇÃO DE ALUNOS E SEUS DADOS PESSOAIS NA TABELA ALUNOS*/

insert into alunos 

values

('5H1f7631434805313b','0001','Paula Cortes','549900000','1990/05/23',50,165,'2022/08/20','Rua das Flores, 000','Treino novo'),

('4O2nU6314352cecdee','0002','Pedro Silva','549900000','1994/07/03',95,170,'2022/6/20','Rua das Rosas, 000','Treino adaptado - aluno com deficiência'),

('T1th26314363adc677','0005','Marina Prates','549900000','1994/02/18',65,170,'2022/09/02','Rua das Laranjas, 000','Trocar treino'),

('uZtjN631435e3949c0','0004','João Santos','549900000','1998/03/18',105,178,'2022/09/02','Rua das Folhas, 000','Aluno com problemas cardiacos'),

('Q68G1631435cbaf047','0003','Adriana Leite','549900000','1989/08/16',95,165,'2022/06/08','Rua das Pedras, 000','Aumentar cardio');


/*INSERÇÃO DE INSTRUTORES E SEUS DADOS PESSOAIS NA TABELA DE INSTRUTORES*/

insert into instrutores 

values

('UNAcj631438a2a522c', 'Stephanie Silva', '14151', '2001/04/06', 22222222222, 54990000000, true, 'mestre'),

('xcILe63143a1f65874', 'Gabriel Leite', '33333', '1997/03/18', 33333333333, 54990000000, true, 'doutor'),

('LZllD631438046bdc5', 'Carlos Macedo', '12345', '1985/10/04', 00000000000, 54990000000, true, 'mestre'),

('q12zs6314389249b1b', 'Kamila Freitas', '54321', '1991/07/01', 11111111111, 54990000000, true, 'doutora'),

('PhDXH6314389d20d07', 'Nicolas Castedo', '11121', '1992/01/001', 44444444444, 54990000000, true, 'bacharel');


/*INSERÇÃO DE CONTATOS TELEFONICOS EXTRAS DE CADA INSTRUTOR VINCULADOS AO SEU ID NA TABELA INSTRUTORES*/

insert into contato_instrutores 

values

('K19kE63143ca93d3c3','54990000000','q12zs6314389249b1b'),
('IhVdv63143b09897ea','54990000000','xcILe63143a1f65874'),
('x2nkX63143affb674f','54990000000','UNAcj631438a2a522c'),
('vmrsA63143b23a9d09','54990000000','PhDXH6314389d20d07'),
('uqMrM63143b14942d9','54990000000','LZllD631438046bdc5');


/*INSERÇÃO DE MODALIDADES OFERECIDAS NA ACADEMIA*/

insert into modalidades 

values

('96Dql63143d1d2f630', 0001, 'artes marciais'),
('5hfvl63143d3538447', 0002, 'dança'),
('fp9LN63143d00b2122', 0003, 'ginastica'),
('z2zhG63143cde1a573', 0004, 'musculacao');


/*INSERÇÃO DE TURMAS COM DIFERENTES HORÁRIOS VINCULADAS A INSTRUTORES E MODALIDADES PELO ID*/

insert into turmas 

values

('NOszB6314c2ea012eb', '18:30:00', '00:50:00', 3, '2022/08/05', '2023/08/05', '96Dql63143d1d2f630', 'xcILe63143a1f65874'),
('M3rba6314c36d0f469', '19:30:00', '00:50:00', 4, '2022/08/05', '2023/08/05', '5hfvl63143d3538447', 'UNAcj631438a2a522c'),
('Cb6mc6314c396eca9e', '16:30:00', '00:50:00', 3, '2022/08/05', '2023/08/05', 'fp9LN63143d00b2122', 'q12zs6314389249b1b'),
('kZDJ26314c3c0375e6', '17:30:00', '00:50:00', 3, '2022/08/05', '2023/08/05', 'z2zhG63143cde1a573', 'PhDXH6314389d20d07'),
('Ls9Ee6314c3e66b47a', '20:30:00', '00:50:00', 2, '2022/08/05', '2023/08/05', 'z2zhG63143cde1a573', 'LZllD631438046bdc5');


/*INSERÇÃO DE ALUNOS NAS TURMAS*/

insert into aluno_por_turma

values

('qVLFD6314c61581045', 'T1th26314363adc677','NOszB6314c2ea012eb'),
('Axa9e6314c61b12cc2', 'uZtjN631435e3949c0','NOszB6314c2ea012eb'),
('hYMkc6314c62102464', 'Q68G1631435cbaf047','NOszB6314c2ea012eb'),

('zNOfO6314c6268f6e9', 'T1th26314363adc677','M3rba6314c36d0f469'),
('cdH8C6314c62d1d4fb', 'Q68G1631435cbaf047','M3rba6314c36d0f469'),
('88DzS6314c633a9264', '4O2nU6314352cecdee','M3rba6314c36d0f469'),
('Gmv2h6314c6392081f', '5H1f7631434805313b','M3rba6314c36d0f469'),

('48r0P6314c63f978dc', 'uZtjN631435e3949c0','Cb6mc6314c396eca9e'),
('DzoT56314c6452aff4', 'Q68G1631435cbaf047','Cb6mc6314c396eca9e'),
('mbZB56314c649c32b9', '5H1f7631434805313b','Cb6mc6314c396eca9e'),

('V6N0L6314c64f8f8d3', 'T1th26314363adc677','kZDJ26314c3c0375e6'),
('nRh746314c654595a1', 'uZtjN631435e3949c0','kZDJ26314c3c0375e6'),
('RcSZ36314c65b016f8', 'Q68G1631435cbaf047','kZDJ26314c3c0375e6'),

('0z9wW6314c6604bdd8', '4O2nU6314352cecdee','Ls9Ee6314c3e66b47a'),
('wzwZd6314c6657588f', '5H1f7631434805313b','Ls9Ee6314c3e66b47a');


/*INSERCAO DE PRESENCA POR ALUNO DE ACORDO COM O DIA DA AULA DA MODALIDADE EM QUE ESTÁ MATRICULADO*/

insert into presenca

values
('sN50r6314d0621f367', 'NOszB6314c2ea012eb', 'T1th26314363adc677','2022/08/05', true),
('Q33kl6314d069b91ff', 'NOszB6314c2ea012eb', 'T1th26314363adc677', '2022/08/15', true ),
('8Phcf6314d06ef0de3', 'NOszB6314c2ea012eb', 'T1th26314363adc677', '2022/08/25', true ),
('Nv9F06314d0744bce6', 'NOszB6314c2ea012eb', 'uZtjN631435e3949c0', '2022/08/05', true ),
('lGDRn6314d07997da1', 'NOszB6314c2ea012eb', 'uZtjN631435e3949c0', '2022/08/15', true ),
('FhcLP6314d07ebd454', 'NOszB6314c2ea012eb', 'uZtjN631435e3949c0', '2022/08/25', true ),
('u1btd6314d083b69c7', 'NOszB6314c2ea012eb', 'Q68G1631435cbaf047', '2022/08/05', true ),
('bEWyJ6314d08883480', 'NOszB6314c2ea012eb', 'Q68G1631435cbaf047', '2022/08/15', false ),
('E733x6314d08cdd5ae', 'NOszB6314c2ea012eb', 'Q68G1631435cbaf047', '2022/08/25', true ),

('9xjcg6314d092bc08c', 'M3rba6314c36d0f469', 'T1th26314363adc677', '2022/08/05', true ),
('qnf9M6314d0990a46c', 'M3rba6314c36d0f469', 'T1th26314363adc677', '2022/08/15', true ),
('SOSRh6314d09e13ea9', 'M3rba6314c36d0f469', 'T1th26314363adc677', '2022/08/25', false ),
('RzGZY6314d0a47ea7f', 'M3rba6314c36d0f469', 'Q68G1631435cbaf047', '2022/08/05', true ),
('Ka9Wg6314d0a944ac6', 'M3rba6314c36d0f469', 'Q68G1631435cbaf047', '2022/08/15', true ),
('N7Zlw6314d0adc403b', 'M3rba6314c36d0f469', 'Q68G1631435cbaf047', '2022/08/25', true ),
('jCF2G6314d0b2ed17f', 'M3rba6314c36d0f469', '4O2nU6314352cecdee', '2022/08/05', true ),
('ccVxy6314d0b818a37', 'M3rba6314c36d0f469', '4O2nU6314352cecdee', '2022/08/15', true ),
('6aXay6314d0bcca353', 'M3rba6314c36d0f469', '4O2nU6314352cecdee', '2022/08/25', false ),
('VXSb36314d0c1c76c5', 'M3rba6314c36d0f469', '5H1f7631434805313b', '2022/08/05', true ),
('5cl6X6314d0c6aadba', 'M3rba6314c36d0f469', '5H1f7631434805313b', '2022/08/15', true ),
('g0CI06314d0cb22be3', 'M3rba6314c36d0f469', '5H1f7631434805313b', '2022/08/25', false ),

('iaqx06314d0cfba622', 'Cb6mc6314c396eca9e', 'uZtjN631435e3949c0', '2022/08/05', true ),
('hgwJL6314d0d5e6ad1', 'Cb6mc6314c396eca9e', 'uZtjN631435e3949c0', '2022/08/15', true ),
('kGs0F6314d0da1cefe', 'Cb6mc6314c396eca9e', 'uZtjN631435e3949c0', '2022/08/25', true ),
('cIa2Q6314d0df17bbd', 'Cb6mc6314c396eca9e', 'Q68G1631435cbaf047', '2022/08/05', false ),
('ODSJR6314d0e78d109', 'Cb6mc6314c396eca9e', 'Q68G1631435cbaf047', '2022/08/15', true ),
('imliC6314d0ebdf596', 'Cb6mc6314c396eca9e', 'Q68G1631435cbaf047', '2022/08/25', true ),
('An7Xw6314d0efdc512', 'Cb6mc6314c396eca9e', '5H1f7631434805313b', '2022/08/05', false ),
('i4MYC6314d0f52d41d', 'Cb6mc6314c396eca9e', '5H1f7631434805313b', '2022/08/15', true ),
('A7q2Q6314d0fa43990', 'Cb6mc6314c396eca9e', '5H1f7631434805313b', '2022/08/25', true ),

('lA7VZ6314d0fec10ab', 'kZDJ26314c3c0375e6', 'T1th26314363adc677', '2022/08/05', true ),
('a3KPy6314d103aac9d', 'kZDJ26314c3c0375e6', 'T1th26314363adc677', '2022/08/15', true ),
('Zu5n36314d10824142', 'kZDJ26314c3c0375e6', 'T1th26314363adc677', '2022/08/25', false ),
('wvw7h6314d10cbf9a1', 'kZDJ26314c3c0375e6', 'uZtjN631435e3949c0', '2022/08/05', false ),
('shm1p6314d112c667d', 'kZDJ26314c3c0375e6', 'uZtjN631435e3949c0', '2022/08/15', true ),
('v7tAy6314d117b9f2b', 'kZDJ26314c3c0375e6', 'uZtjN631435e3949c0', '2022/08/25', true ),
('WcD126314d11ccc932', 'kZDJ26314c3c0375e6', 'Q68G1631435cbaf047', '2022/08/05', false ),
('PpGAM6314d1221d56c', 'kZDJ26314c3c0375e6', 'Q68G1631435cbaf047', '2022/08/15', true ),
('d85pT6314d126eb2e7', 'kZDJ26314c3c0375e6', 'Q68G1631435cbaf047', '2022/08/25', false ),

('0GicD6314d12f1a749', 'Ls9Ee6314c3e66b47a', '4O2nU6314352cecdee', '2022/08/05', true),
('5OMFS6314d13401515', 'Ls9Ee6314c3e66b47a', '4O2nU6314352cecdee', '2022/08/15', true ),
('z2bvS6314d139df48a', 'Ls9Ee6314c3e66b47a', '4O2nU6314352cecdee', '2022/08/25', false ),
('QCokL6314d13ede3db', 'Ls9Ee6314c3e66b47a', '5H1f7631434805313b', '2022/08/05', true ),
('M05xF6314d14455d1d', 'Ls9Ee6314c3e66b47a', '5H1f7631434805313b', '2022/08/15', true ),
('mtD1Z6314d1494813e', 'Ls9Ee6314c3e66b47a', '5H1f7631434805313b', '2022/08/25', true );


/*INSERCAO DE ALUNO QUE ASSUME O PAPEL DE MONITOR RELACIONADO A TABELA DA MODALIDADE EM QUE ESTÁ MATRICULADO*/

insert into monitor 

values

('ErRqh6314f143a9dd2', 'T1th26314363adc677', 'NOszB6314c2ea012eb'),
('Tdf1O6314f13897f5a', 'T1th26314363adc677', 'M3rba6314c36d0f469'),
('OSIUg6314f15651428', '5H1f7631434805313b', 'Cb6mc6314c396eca9e'),
('EhcgC6314f15ddf3d2', 'T1th26314363adc677', 'kZDJ26314c3c0375e6'),
('jN84s6314f16305874', '5H1f7631434805313b', 'Ls9Ee6314c3e66b47a');





